City,Lat,Lng,Max Temp,Humidity,Cloudiness,Wind Speed,Country,Date
cabedelo,-6.98,-34.83,82.4,78,20,6.93,BR,1584485214
hobart,-42.88,147.33,71.01,49,100,10.29,AU,1584485214
wuchi,29.38,103.02,37.33,72,52,2.26,CN,1584485215
sept-iles,50.2,-66.38,27.0,92,90,16.11,CA,1584485120
qaanaaq,77.48,-69.36,-19.86,59,98,6.06,GL,1584485215
vaini,-21.2,-175.2,77.0,94,75,10.29,TO,1584485216
chokurdakh,70.63,147.92,-7.1,92,100,14.79,RU,1584485216
dingle,11.0,122.67,77.63,79,22,12.24,PH,1584485217
cidreira,-30.18,-50.21,73.58,79,96,22.35,BR,1584485217
lebu,-37.62,-73.65,57.31,83,0,8.19,CL,1584485217
marrakesh,31.63,-8.01,55.4,62,40,9.17,MA,1584485070
hithadhoo,-0.6,73.08,84.47,76,65,12.73,MV,1584485219
pithoragarh,29.58,80.22,46.87,86,0,2.59,IN,1584485219
kerema,-7.96,145.78,85.78,60,82,3.78,PG,1584485220
mataura,-46.19,168.86,53.01,78,1,1.99,NZ,1584485220
missoula,47.02,-113.8,53.6,27,1,11.41,US,1584485220
alta floresta,-9.88,-56.09,74.52,93,100,1.39,BR,1584485220
ushuaia,-54.8,-68.3,57.2,44,40,17.22,AR,1584484939
dalnerechensk,45.93,133.72,26.26,92,55,9.57,RU,1584485222
bangassou,4.74,22.82,75.7,73,82,4.79,CF,1584485222
norman wells,65.28,-126.83,23.0,85,90,3.36,CA,1584485223
saint-philippe,-21.36,55.77,75.2,88,75,6.93,RE,1584485223
tura,25.52,90.22,64.8,44,0,2.66,IN,1584485223
bredasdorp,-34.53,20.04,66.2,77,27,6.93,ZA,1584485224
clyde river,70.47,-68.59,-14.8,68,75,16.11,CA,1584485224
ballina,-28.87,153.57,69.8,77,75,11.41,AU,1584485224
cabo san lucas,22.89,-109.91,78.8,50,75,5.82,MX,1584485108
te anau,-45.42,167.72,55.09,56,3,3.67,NZ,1584485225
asau,46.43,26.4,45.0,83,80,3.36,RO,1584485225
north berwick,56.06,-2.72,43.0,93,20,6.93,GB,1584485225
ventspils,57.39,21.56,41.0,100,75,13.87,LV,1584485226
noumea,-22.28,166.46,82.0,61,35,2.24,NC,1584485226
hilo,19.73,-155.09,78.8,74,75,16.11,US,1584485226
atuona,-9.8,-139.03,82.94,73,1,10.04,PF,1584485226
khatanga,71.97,102.5,-14.66,87,89,8.01,RU,1584485093
nicoya,10.15,-85.45,91.4,43,22,23.04,CR,1584485102
grand forks,47.93,-97.03,32.0,73,1,10.29,US,1584485227
galesong,-5.32,119.37,75.2,94,79,2.24,ID,1584485227
gazalkent,41.56,69.77,53.6,71,97,2.24,UZ,1584485228
jamestown,42.1,-79.24,41.0,69,90,12.75,US,1584485228
mahon,39.89,4.27,57.2,87,100,11.41,ES,1584485229
nome,64.5,-165.41,30.2,86,90,13.87,US,1584485229
tuktoyaktuk,69.45,-133.04,1.4,84,75,3.36,CA,1584485229
ancud,-41.87,-73.82,59.0,67,13,8.05,CL,1584485344
siva,29.2,25.52,54.52,49,0,10.25,EG,1584485345
tucurui,-3.77,-49.67,75.92,92,91,2.93,BR,1584485345
rikitea,-23.12,-134.97,80.71,78,4,11.9,PF,1584485345
arraial do cabo,-22.97,-42.03,78.6,86,82,5.64,BR,1584485221
yeppoon,-23.13,150.73,73.4,64,17,12.75,AU,1584485346
ahvaz,31.32,48.67,66.2,63,67,4.7,IR,1584485346
le port,-20.94,55.29,75.2,83,37,5.82,RE,1584485347
bluff,-46.6,168.33,53.01,78,24,1.99,NZ,1584485347
umm kaddadah,13.6,26.69,71.13,17,31,14.94,SD,1584485287
port elizabeth,-33.92,25.57,68.0,82,0,2.24,ZA,1584485348
carnarvon,-24.87,113.63,69.8,73,100,12.75,AU,1584485348
shimoda,34.67,138.95,55.0,53,40,10.29,JP,1584485349
port alfred,-33.59,26.89,66.0,95,24,7.99,ZA,1584485151
punta arenas,-53.15,-70.92,55.4,50,75,26.4,CL,1584485350
busselton,-33.65,115.33,52.0,94,35,17.47,AU,1584485288
teknaf,20.86,92.31,62.74,72,0,2.75,BD,1584485350
dashitou,43.31,128.51,32.63,68,39,9.13,CN,1584485350
cherskiy,68.75,161.3,2.95,93,100,13.78,RU,1584485308
fortuna,40.6,-124.16,48.99,87,90,12.75,US,1584485351
tias,28.96,-13.64,62.6,67,20,17.22,ES,1584485352
ponta do sol,32.67,-17.1,59.0,72,40,19.46,PT,1584485288
dukat,62.55,155.55,3.65,88,99,1.52,RU,1584485352
bethel,41.37,-73.41,53.01,70,40,9.04,US,1584485352
port lincoln,-34.73,135.87,81.81,27,83,7.92,AU,1584485353
benguela,-12.58,13.41,76.78,83,100,2.55,AO,1584485353
san fernando,15.03,120.69,78.8,83,75,2.24,PH,1584485353
bambous virieux,-20.34,57.76,75.2,94,40,2.24,MU,1584485138
lewisporte,49.25,-55.05,28.0,68,90,20.8,CA,1584485354
gornopravdinsk,60.05,69.9,23.29,82,100,13.91,RU,1584485354
hirara,24.8,125.28,69.8,72,75,9.17,JP,1584485355
tungor,53.38,142.96,21.65,91,50,7.83,RU,1584485355
olafsvik,64.89,-23.71,27.7,80,100,37.92,IS,1584485326
jalu,29.03,21.55,58.15,34,0,11.43,LY,1584485356
talnakh,69.49,88.4,10.4,85,75,26.84,RU,1584485227
barrow,71.29,-156.79,10.4,85,20,13.87,US,1584485356
new norfolk,-42.78,147.06,71.01,49,99,10.29,AU,1584485356
kapaa,22.08,-159.32,69.8,94,90,16.11,US,1584485322
saldanha,-33.01,17.94,60.8,87,0,5.82,ZA,1584485287
niamey,13.51,2.11,87.8,8,0,2.24,NE,1584485357
lasa,46.62,10.7,48.2,86,15,3.36,IT,1584485357
nuoro,40.32,9.33,57.2,87,40,9.17,IT,1584485358
mahebourg,-20.41,57.7,75.2,94,40,2.24,MU,1584485330
rorvik,64.86,11.24,40.93,68,100,27.04,NO,1584485358
torbay,47.67,-52.73,28.0,73,75,19.46,CA,1584485359
lata,40.16,-8.33,62.01,87,0,3.36,PT,1584485354
lamar,33.67,-95.58,62.01,87,90,12.75,US,1584485360
whitianga,-36.83,175.7,70.0,48,0,3.0,NZ,1584485360
srednekolymsk,67.45,153.68,-6.99,91,82,9.64,RU,1584485360
iqaluit,63.75,-68.51,15.8,72,90,17.22,CA,1584485360
hasaki,35.73,140.83,44.6,75,75,4.7,JP,1584485113
mbini,1.57,9.61,82.22,84,100,9.55,GQ,1584485361
albany,42.6,-73.97,46.99,75,90,12.75,US,1584485361
moose jaw,50.4,-105.53,35.6,59,40,10.29,CA,1584485361
whyalla,-33.03,137.58,71.6,35,22,3.36,AU,1584485363
puerto ayora,-0.74,-90.35,84.2,66,20,11.41,EC,1584485363
salalah,17.02,54.09,77.0,73,75,5.82,OM,1584485363
mapiripan,2.89,-72.13,81.91,56,34,4.54,CO,1584485364
ribeira grande,38.52,-28.7,58.6,88,12,10.07,PT,1584485364
viedma,-40.81,-63.0,62.33,81,6,13.85,AR,1584485364
georgetown,5.41,100.34,80.6,83,20,3.36,MY,1584485223
kavieng,-2.57,150.8,82.78,77,100,13.31,PG,1584485365
nabire,-3.37,135.48,76.78,90,100,0.43,ID,1584485366
nanakuli,21.39,-158.15,73.4,94,90,6.93,US,1584485366
cockburn town,21.46,-71.14,77.0,61,40,11.41,TC,1584485366
yellowknife,62.46,-114.35,-4.0,64,75,6.93,CA,1584485159
fare,-16.7,-151.02,83.82,68,95,7.36,PF,1584485367
dikson,73.51,80.55,-8.59,100,92,6.44,RU,1584485367
sorland,67.67,12.69,37.4,70,40,8.05,NO,1584485189
lorengau,-2.02,147.27,83.25,76,100,7.56,PG,1584485312
namibe,-15.2,12.15,73.47,80,100,4.16,AO,1584485368
east london,-33.02,27.91,69.53,82,66,11.25,ZA,1584485098
waipawa,-41.41,175.52,62.01,50,62,3.36,NZ,1584485369
pevek,69.7,170.31,25.02,95,100,11.72,RU,1584485110
labrea,-7.26,-64.8,76.15,94,56,1.9,BR,1584485133
merauke,-8.47,140.33,84.07,70,67,6.17,ID,1584485370
provideniya,64.38,-173.3,30.2,92,75,22.37,RU,1584485371
dongsheng,39.82,109.98,43.09,23,85,24.67,CN,1584485371
general roca,-39.03,-67.58,77.0,33,77,3.36,AR,1584485371
camopi,3.17,-52.32,76.98,80,75,5.44,GF,1584485372
hermanus,-34.42,19.23,64.0,91,2,1.14,ZA,1584485225
saskylakh,71.92,114.08,-21.69,79,17,10.29,RU,1584485151
roald,62.58,6.13,41.0,69,40,24.16,NO,1584485373
brooks,50.58,-111.89,26.01,75,84,8.99,CA,1584485103
cape town,-33.93,18.42,66.99,88,8,11.41,ZA,1584485372
tasiilaq,65.61,-37.64,12.2,78,100,2.24,GL,1584485118
marawi,8.0,124.29,73.99,86,95,5.01,PH,1584485374
charagua,-19.8,-63.22,80.6,69,90,8.32,BO,1584485374
solnechnyy,50.72,136.63,25.57,92,100,3.11,RU,1584485374
san andres,12.58,-81.7,84.2,66,20,12.75,CO,1584485375
victoria,22.29,114.16,70.0,73,20,12.75,HK,1584485137
seoul,37.57,126.98,37.4,93,1,3.13,KR,1584485190
hamilton,39.18,-84.53,53.01,57,40,4.7,US,1584485240
gamba,-2.65,10.0,76.84,87,100,1.03,GA,1584485376
kamenka,51.32,42.77,32.0,71,69,5.73,RU,1584485377
kita,13.03,-9.49,79.79,13,14,1.83,ML,1584485377
margate,51.38,1.39,48.2,93,67,13.87,GB,1584485378
thompson,55.74,-97.86,5.0,45,5,9.17,CA,1584485287
basoko,1.24,23.62,71.29,98,80,5.14,CD,1584485378
labytnangi,66.66,66.42,13.86,85,0,14.65,RU,1584485379
elbistan,38.21,37.2,28.87,98,99,9.53,TR,1584485379
fort nelson,58.81,-122.7,32.0,80,75,9.17,CA,1584485379
kulhudhuffushi,6.62,73.07,83.68,78,68,17.9,MV,1584485381
namatanai,-3.67,152.43,84.06,71,100,4.34,PG,1584485381
gravdal,68.12,13.5,37.4,71,40,8.05,NO,1584485381
karpathos,35.51,27.21,55.4,43,0,24.16,GR,1584485381
port blair,11.67,92.75,82.33,72,100,7.27,IN,1584485382
bonthe,7.53,-12.51,80.55,83,0,8.03,SL,1584485383
imbituba,-28.24,-48.67,73.4,69,75,5.82,BR,1584485383
kapoeta,4.77,33.59,80.91,54,100,5.06,SS,1584485383
chuy,-33.7,-53.46,67.77,83,100,9.93,UY,1584485319
worland,44.02,-107.96,59.0,35,1,5.82,US,1584485141
union,40.63,-74.27,55.4,62,1,6.13,US,1584485384
sorochinsk,52.43,53.16,28.6,86,62,6.71,RU,1584485384
broome,42.25,-75.83,45.0,84,90,3.36,US,1584485385
morros,-9.45,-46.3,76.17,72,17,2.82,BR,1584485385
port-gentil,-0.72,8.78,84.2,83,20,6.93,GA,1584485224
naukot,24.86,69.4,68.95,29,0,3.29,PK,1584485385
sao filipe,14.9,-24.5,67.32,77,71,16.78,CV,1584485386
avarua,-21.21,-159.78,80.6,88,100,18.34,CK,1584485386
karratha,-20.74,116.85,88.09,58,7,11.12,AU,1584485329
saint-honore,48.53,-71.08,37.4,64,75,19.46,CA,1584485394
gat,31.61,34.76,57.2,76,75,16.11,IL,1584485395
bengkulu,-3.8,102.27,74.41,90,69,3.76,ID,1584485309
husavik,66.04,-17.34,32.0,95,90,26.4,IS,1584485396
severo-kurilsk,50.68,156.12,21.33,85,100,23.49,RU,1584485396
nikolskoye,59.7,30.79,39.2,88,75,11.18,RU,1584485396
humenne,48.94,21.92,42.8,56,97,4.7,SK,1584485396
cervo,43.67,-7.41,55.0,1,69,1.43,ES,1584485397
college,64.86,-147.8,36.0,86,20,3.36,US,1584485397
codrington,-38.27,141.97,67.62,57,100,14.12,AU,1584485397
ust-kuyga,70.02,135.6,-18.76,90,60,1.01,RU,1584485246
porto uniao,-26.24,-51.08,65.82,98,76,1.54,BR,1584485398
athabasca,54.72,-113.29,21.92,86,100,3.69,CA,1584485398
udomlya,57.88,34.99,32.2,85,92,9.89,RU,1584485398
plettenberg bay,-34.05,23.37,64.29,77,0,9.95,ZA,1584485399
kalabo,-14.97,22.68,65.98,94,99,4.83,ZM,1584485399
batangafo,7.3,18.28,75.92,24,75,2.35,CF,1584485399
bambanglipuro,-7.95,110.28,77.27,86,92,4.34,ID,1584485400
castro,-24.79,-50.01,65.41,97,0,5.91,BR,1584485201
faanui,-16.48,-151.75,83.43,70,100,6.87,PF,1584485400
hambantota,6.12,81.12,77.0,100,75,6.93,LK,1584485400
jishou,28.32,109.72,49.59,89,56,2.98,CN,1584485401
lompoc,34.64,-120.46,57.2,54,1,5.82,US,1584485401
pemba,-12.97,40.52,80.6,83,40,9.17,MZ,1584485401
nyrob,60.73,56.72,15.57,96,75,4.85,RU,1584485401
tilichiki,60.47,166.1,16.29,86,100,7.72,RU,1584485402
sinnamary,5.38,-52.95,80.67,78,39,13.91,GF,1584485402
nadym,65.53,72.52,16.84,85,94,16.73,RU,1584485402
kununurra,-15.77,128.73,80.6,78,0,2.84,AU,1584485402
buluang,13.31,123.34,75.4,80,8,5.68,PH,1584485403
ullapool,57.9,-5.16,39.0,93,99,3.0,GB,1584485403
mincivan,39.03,46.72,29.53,95,99,3.65,AZ,1584485284
ahipara,-35.17,173.17,62.74,55,0,12.01,NZ,1584485404
acuitzio,20.34,-101.98,76.59,30,2,7.31,MX,1584485404
bandarbeyla,9.49,50.81,78.98,71,44,9.71,SO,1584485404
nantucket,41.28,-70.1,44.6,93,90,5.82,US,1584485371
kayerkan,69.35,87.76,10.4,85,75,26.84,RU,1584485405
chepareria,1.31,35.2,66.72,84,100,4.21,KE,1584485405
tezu,27.92,96.17,61.41,51,14,2.59,IN,1584485406
yumen,40.28,97.2,34.97,29,81,9.06,CN,1584485407
boyolangu,-8.12,111.89,77.29,86,51,0.65,ID,1584485388
raudeberg,61.99,5.14,41.0,80,40,19.46,NO,1584485408
kruisfontein,-34.0,24.73,62.49,83,0,8.39,ZA,1584485203
shingu,33.73,135.98,58.1,55,0,6.08,JP,1584485408
kindu,-2.95,25.95,71.22,95,100,1.05,CD,1584485409
erenhot,43.65,111.98,33.67,74,67,15.55,CN,1584485409
san patricio,19.22,-104.7,82.4,78,40,11.41,MX,1584485358
carballo,43.21,-8.69,57.0,81,0,1.12,ES,1584485409
ilinskiy,55.62,38.12,37.4,59,26,4.47,RU,1584485410
watsa,3.04,29.54,70.02,71,100,1.72,CD,1584485410
mattru,7.62,-11.83,79.48,83,0,3.74,SL,1584485410
necochea,-38.55,-58.74,66.0,84,100,1.01,AR,1584485208
hidrolandia,-4.41,-40.44,73.98,97,82,3.94,BR,1584485411
pangani,-5.43,38.97,81.03,81,100,2.75,TZ,1584485411
galle,6.04,80.22,80.73,75,100,17.25,LK,1584485411
prince rupert,54.32,-130.32,46.4,52,1,12.75,CA,1584485411
natitingou,10.3,1.38,80.28,16,100,3.22,BJ,1584485412
haapiti,-17.57,-149.87,87.8,66,40,9.17,PF,1584485412
vokhma,58.93,46.76,25.23,87,52,7.54,RU,1584485413
tessalit,20.2,1.01,80.38,19,97,0.69,ML,1584485413
pincher creek,49.48,-113.95,30.99,63,75,6.62,CA,1584485413
champerico,14.3,-91.92,89.6,55,40,11.41,GT,1584485414
monrovia,6.3,-10.8,82.4,88,75,4.7,LR,1584485414
mantua,45.17,10.78,48.99,81,0,5.82,IT,1584485414
kemin,42.78,75.69,41.47,87,100,2.95,KG,1584485415
sobreira,41.52,-7.8,52.0,8,0,6.69,PT,1584485415
hokitika,-42.72,170.97,60.94,59,0,6.17,NZ,1584485415
airai,-8.93,125.41,72.9,67,0,4.52,TL,1584485416
talcahuano,-36.72,-73.12,66.2,68,0,12.75,CL,1584485416
pailon,-17.65,-62.75,82.4,83,75,9.17,BO,1584485416
puerto escondido,15.85,-97.07,87.8,70,40,9.17,MX,1584485416
matagami,49.75,-77.63,21.2,73,75,18.34,CA,1584485356
atar,20.52,-13.05,66.67,23,96,8.19,MR,1584485297
conceicao do araguaia,-8.26,-49.26,75.76,86,8,2.51,BR,1584485417
chumikan,54.72,135.31,27.61,77,98,7.36,RU,1584485417
vila velha,-20.33,-40.29,80.6,83,40,5.82,BR,1584485418
marienburg,54.04,19.03,46.99,75,20,6.93,PL,1584485418
bebedouro,-20.95,-48.48,72.79,83,16,1.9,BR,1584485346
fairbanks,64.84,-147.72,37.0,91,20,3.36,US,1584485120
vaitape,-16.52,-151.75,83.43,70,100,6.87,PF,1584485419
padang,-0.95,100.35,68.97,87,51,5.1,ID,1584485420
yar-sale,66.83,70.83,9.54,81,41,12.71,RU,1584485420
maniitsoq,65.42,-52.9,16.23,77,100,22.35,GL,1584485420
mar del plata,-38.0,-57.56,68.0,77,100,2.24,AR,1584485346
bacolod,10.67,122.95,80.76,63,0,5.3,PH,1584485214
lavrentiya,65.58,-171.0,30.79,92,100,11.74,RU,1584485421
podosinovets,60.28,47.07,26.49,81,100,9.15,RU,1584485421
kurchum,48.57,83.65,31.03,74,98,1.81,KZ,1584485422
tonekabon,36.82,50.87,50.0,93,75,2.24,IR,1584485422
lakhdenpokhya,61.52,30.2,37.99,88,100,11.01,RU,1584485183
ilulissat,69.22,-51.1,5.0,50,96,25.28,GL,1584485422
geraldton,-28.77,114.6,64.4,59,93,9.17,AU,1584485423
jiayuguan,39.82,98.3,37.74,25,53,10.36,CN,1584485423
pemangkat,1.17,108.97,76.24,93,13,6.4,ID,1584485423
mandalgovi,45.76,106.27,20.59,45,20,22.79,MN,1584485424
tula,54.2,37.61,32.95,76,0,9.98,RU,1584485145
lufilufi,-13.87,-171.6,81.32,70,68,7.31,WS,1584485424
shishou,29.72,112.42,53.83,86,32,7.05,CN,1584485426
amazar,53.86,120.88,24.55,94,100,4.34,RU,1584485426
svetlyy,54.67,20.13,44.6,75,67,8.95,RU,1584485426
nurota,40.56,65.69,50.0,71,79,2.24,UZ,1584485427
tawang,27.58,91.87,25.0,79,8,3.51,IN,1584485427
yulara,-25.24,130.99,77.0,31,0,8.05,AU,1584485427
kirakira,-10.45,161.92,84.54,69,77,3.47,SB,1584485342
tuatapere,-46.13,167.68,53.01,78,18,1.99,NZ,1584485355
palmer,42.16,-72.33,50.0,70,75,8.05,US,1584485429
abancay,-13.63,-72.88,52.45,90,71,3.4,PE,1584485430
bagdarin,54.43,113.6,13.3,78,91,6.87,RU,1584485430
broadford,-37.2,145.07,75.0,40,48,26.4,AU,1584485431
umred,20.85,79.33,69.8,88,40,3.36,IN,1584485431
elizabeth city,36.29,-76.25,68.0,63,75,3.36,US,1584485431
kovur,14.48,79.98,71.8,92,0,7.87,IN,1584485432
bubaque,11.28,-15.83,79.3,72,30,21.09,GW,1584485432
ahuimanu,21.44,-157.84,73.4,94,90,6.93,US,1584485433
el coco,8.87,-79.81,91.4,58,40,17.22,PA,1584485433
butaritari,3.07,172.79,83.35,75,0,12.68,KI,1584485433
batsfjord,70.63,29.72,26.6,92,75,3.36,NO,1584485433
havoysund,71.0,24.66,28.4,74,75,10.29,NO,1584485322
chillicothe,39.33,-82.98,46.4,65,90,4.63,US,1584485434
zeya,53.75,127.27,26.53,91,100,5.77,RU,1584485434
kaitangata,-46.28,169.85,49.21,72,2,5.1,NZ,1584485435
porto novo,6.5,2.6,84.2,89,40,12.75,BJ,1584485436
nouadhibou,20.93,-17.03,64.4,68,72,20.8,MR,1584485436
gerash,27.67,54.14,60.78,55,0,1.48,IR,1584485436
souillac,-20.52,57.52,75.2,94,40,2.24,MU,1584485437
pattani,6.75,100.42,75.2,94,20,2.24,TH,1584485437
sompeta,18.93,84.6,74.07,56,0,2.98,IN,1584485437
miri,4.41,114.01,75.2,100,75,1.12,MY,1584485438
kasulu,-4.58,30.1,62.98,95,100,2.24,TZ,1584485438
jumla,29.27,82.18,30.11,51,0,5.57,NP,1584485438
moerai,-22.43,-151.33,77.95,85,100,29.82,PF,1584485439
isangel,-19.55,169.27,80.6,78,75,3.36,VU,1584485305
ajaccio,42.0,8.92,50.0,81,2,5.82,FR,1584485439
auki,-8.77,160.7,83.93,73,0,4.25,SB,1584485439
fillan,63.61,8.97,37.99,86,75,34.45,NO,1584485440
tonj,7.27,28.68,77.05,51,61,3.31,SS,1584485440
nanortalik,60.14,-45.24,19.78,55,17,10.92,GL,1584485440
praia,14.92,-23.51,69.8,64,75,17.22,CV,1584485441
meru,0.05,37.66,51.21,88,100,2.42,KE,1584485441
tautira,-17.73,-149.15,87.8,66,40,9.17,PF,1584485441
kahului,20.89,-156.47,82.4,58,20,12.75,US,1584485441
wewak,-3.55,143.63,83.34,67,61,2.64,PG,1584485442
sao raimundo das mangabeiras,-7.02,-45.48,76.12,80,45,1.41,BR,1584485442
esperance,-33.87,121.9,57.2,87,65,10.29,AU,1584485442
mayo,38.89,-76.51,64.99,55,90,4.7,US,1584485442
vardo,70.37,31.11,24.8,92,90,9.17,NO,1584485443
anadyr,64.75,177.48,23.0,79,20,4.47,RU,1584485443
abha,18.22,42.51,62.6,87,1,9.17,SA,1584485227
chandbali,20.78,86.77,76.98,76,0,9.42,IN,1584485443
unai,-16.36,-46.91,69.71,88,10,1.77,BR,1584485331
la ronge,55.1,-105.28,6.8,38,75,3.36,CA,1584485444
batemans bay,-35.72,150.18,53.01,96,0,2.98,AU,1584485444
tiksi,71.69,128.87,-30.86,88,89,7.9,RU,1584485319
bahia honda,22.9,-83.16,75.92,77,24,16.06,CU,1584485445
aba,5.11,7.37,84.2,83,40,5.82,NG,1584485445
canico,32.63,-16.85,59.0,72,40,19.46,PT,1584485445
srandakan,-7.94,110.25,77.27,86,92,4.34,ID,1584485234
flin flon,54.77,-101.86,6.8,38,40,10.29,CA,1584485446
misratah,32.38,15.09,58.6,75,60,22.73,LY,1584485446
ngunguru,-35.62,174.5,66.0,55,0,8.01,NZ,1584485404
dasoguz,41.84,59.97,57.2,48,100,9.17,TM,1584485447
liwale,-9.77,37.93,69.44,97,100,2.73,TZ,1584485447
gusau,12.16,6.66,78.49,6,45,12.5,NG,1584485447
shelburne,44.08,-80.2,42.8,32,1,16.11,CA,1584485447
grindavik,63.84,-22.43,32.0,86,90,23.04,IS,1584485449
taman,45.21,36.72,32.0,52,40,4.47,RU,1584485449
linhares,-19.39,-40.07,73.49,93,1,1.63,BR,1584485449
beringovskiy,63.05,179.32,32.9,84,21,13.42,RU,1584485433
lagos,6.58,3.75,84.2,89,40,4.7,NG,1584485396
el tarra,8.58,-73.09,71.67,84,79,2.51,CO,1584485450
saint-pierre,-21.34,55.48,75.2,88,75,6.93,RE,1584485450
leningradskiy,69.38,178.42,29.23,79,100,7.43,RU,1584485450
saint george,37.1,-113.58,60.8,29,94,16.11,US,1584485451
zhangjiakou,40.81,114.88,40.19,25,78,6.04,CN,1584485452
ust-kan,50.93,84.76,27.57,75,100,6.85,RU,1584485452
avera,33.19,-82.53,71.6,77,1,4.79,US,1584485453
hofn,64.25,-15.21,37.29,88,100,2.01,IS,1584485453
montevideo,-34.83,-56.17,69.8,83,100,12.75,UY,1584485170
poso,-1.4,120.75,73.74,67,8,1.92,ID,1584485454
saint-augustin,51.23,-58.65,27.45,85,100,21.77,CA,1584485184
katsuura,35.13,140.3,55.4,57,75,4.7,JP,1584485455
kodiak,57.79,-152.41,46.4,70,1,3.36,US,1584485456
sunagawa,43.49,141.91,33.8,79,20,5.82,JP,1584485456
abu kamal,34.45,40.92,60.51,82,100,7.56,SY,1584485458
canto do buriti,-8.11,-42.94,73.0,95,31,1.41,BR,1584485458
amahai,-3.33,128.92,81.7,74,62,6.06,ID,1584485349
huarmey,-10.07,-78.15,74.5,65,61,4.74,PE,1584485459
morehead,37.27,-87.18,59.0,54,1,6.93,US,1584485459
krasnorechenskiy,44.63,135.35,31.39,69,0,3.38,RU,1584485459
linqiong,30.42,103.46,51.8,87,4,0.87,CN,1584485460
honningsvag,70.98,25.97,28.4,74,75,10.29,NO,1584485258
bowen,-20.02,148.23,81.0,73,13,13.87,AU,1584485460
oussouye,12.48,-16.55,75.2,83,0,9.17,SN,1584485461
pisco,-13.7,-76.22,71.6,30,75,16.11,PE,1584485291
omsukchan,62.53,155.8,5.7,89,98,1.32,RU,1584485461
north bend,43.41,-124.22,54.0,87,90,13.87,US,1584485462
susehri,40.16,38.09,10.09,95,100,11.68,TR,1584485462
diamantino,-14.41,-56.45,75.83,83,35,3.18,BR,1584485463
chicama,-7.84,-79.15,75.2,83,40,11.41,PE,1584485463
xichang,27.9,102.26,37.11,90,98,1.95,CN,1584485463
keti bandar,24.14,67.45,73.44,43,0,8.97,PK,1584485457
sumbe,-11.21,13.84,75.96,88,99,3.29,AO,1584485464
jiuquan,39.74,98.52,31.84,28,43,2.53,CN,1584485464
kushmurun,52.45,64.63,18.63,88,0,8.86,KZ,1584485465
union hidalgo,16.47,-94.83,85.46,55,0,16.33,MX,1584485465
upernavik,72.79,-56.15,-12.06,51,30,6.33,GL,1584485285
bera,24.08,89.62,70.84,43,0,4.52,BD,1584485466
morant bay,17.88,-76.41,86.0,55,20,12.75,JM,1584485466
kahama,-3.83,32.6,64.89,98,100,5.08,TZ,1584485466
olinda,-8.01,-34.86,84.2,74,40,6.93,BR,1584485466
oksfjord,70.24,22.35,28.4,74,100,2.24,NO,1584485467
touros,-5.2,-35.46,82.4,78,20,10.29,BR,1584485467
luganville,-15.53,167.17,80.6,94,75,2.24,VU,1584485467
shwebo,22.57,95.7,70.57,32,0,4.7,MM,1584485468
arcachon,44.59,-1.05,48.0,100,1,1.12,FR,1584485468
lensk,60.73,114.93,9.25,94,100,7.09,RU,1584485468
amapa,1.0,-52.0,72.63,96,96,3.38,BR,1584485377
chara,56.91,118.26,21.15,79,100,2.62,RU,1584485469
longyearbyen,78.22,15.64,-18.4,68,20,8.05,SJ,1584485309
karwar,14.8,74.13,76.57,83,27,8.23,IN,1584485469
sexsmith,55.35,-118.79,27.0,53,75,2.73,CA,1584485470
banda aceh,5.56,95.32,73.47,81,67,4.76,ID,1584485470
claremore,36.31,-95.62,62.6,51,90,4.7,US,1584485471
jingdezhen,29.29,117.21,55.08,83,7,1.03,CN,1584485472
arkhangelsk,64.54,40.54,32.0,87,75,6.71,RU,1584485472
port hedland,-20.32,118.57,78.8,88,0,3.36,AU,1584485472
marsa matruh,31.35,27.25,55.4,54,40,13.87,EG,1584485473
poum,-20.23,164.02,80.13,75,18,15.41,NC,1584485473
skibbereen,51.55,-9.27,51.8,93,75,14.99,IE,1584485473
otane,-39.88,176.63,58.55,53,100,4.41,NZ,1584485404
leh,34.17,77.58,9.57,76,100,2.84,IN,1584485294
hami,42.8,93.45,40.21,23,17,2.62,CN,1584485474
ginir,7.13,40.7,61.63,72,23,1.19,ET,1584485474
luwingu,-10.26,29.93,63.73,94,87,2.84,ZM,1584485475
bushehr,28.97,50.84,69.71,47,25,7.2,IR,1584485475
gambela,8.25,34.58,81.5,50,93,1.25,ET,1584485475
impfondo,1.64,18.07,74.08,84,92,3.2,CG,1584485476
port hawkesbury,45.62,-61.35,32.0,74,90,13.87,CA,1584485476
sudak,44.85,34.97,29.79,71,62,2.71,UA,1584485477
buchanan,5.88,-10.05,82.4,88,75,4.7,LR,1584485477
klaksvik,62.23,-6.59,37.4,67,43,9.17,FO,1584485319
puerto baquerizo moreno,-0.9,-89.6,80.17,69,28,2.68,EC,1584485477
sabang,5.89,95.32,83.26,74,60,12.88,ID,1584485478
rio gallegos,-51.62,-69.22,64.4,31,24,16.11,AR,1584485383
ugoofaaru,5.67,73.0,84.13,78,80,18.43,MV,1584485478
emba,48.83,58.14,23.38,85,59,5.73,KZ,1584485478
semey,50.41,80.23,31.37,85,99,7.56,KZ,1584485479
grunberg,50.59,8.96,48.0,86,40,1.12,DE,1584485479
zhezkazgan,47.8,67.71,25.07,75,38,4.25,KZ,1584485479
gizo,-8.1,156.84,83.62,70,21,5.26,SB,1584485479
tabuk,17.42,121.44,71.04,82,75,6.8,PH,1584485480
nong khae,14.34,100.87,82.4,83,20,6.93,TH,1584485480
kabare,-2.47,28.82,60.73,96,100,1.54,CD,1584485480
midland,32.0,-102.08,78.8,38,40,12.75,US,1584485230
arroio grande,-32.24,-53.09,69.01,79,94,8.21,BR,1584485481
zhuhai,22.28,113.57,70.0,88,81,3.36,CN,1584485481
iseyin,7.97,3.6,80.94,76,92,8.86,NG,1584485481
mikhaylovka,50.06,43.24,33.6,53,0,2.08,RU,1584485482
presidencia roque saenz pena,-26.79,-60.44,85.98,46,58,4.65,AR,1584485482
grand gaube,-20.01,57.66,75.2,94,40,2.24,MU,1584485483
ilebo,-4.32,20.58,69.93,95,100,1.59,CD,1584485483
mildura,-34.2,142.15,75.99,43,0,8.05,AU,1584485483
sabla,12.75,4.71,78.31,7,100,6.73,NG,1584485483
huntington,38.42,-82.45,50.0,76,90,5.82,US,1584485484
antalaha,-14.9,50.28,78.37,84,0,5.1,MG,1584485484
devils lake,48.11,-98.87,30.2,74,1,11.41,US,1584485484
riyadh,24.69,46.72,75.2,36,75,9.17,SA,1584485481
kabalo,-6.05,26.92,68.59,98,100,1.61,CD,1584485485
port keats,-14.25,129.55,85.86,53,2,8.79,AU,1584485485
komsomolskiy,40.43,71.72,53.6,46,72,6.93,UZ,1584485486
orange,33.7,-117.77,62.6,53,90,4.7,US,1584485216
aklavik,68.22,-135.01,23.0,73,40,4.74,CA,1584485282
agadez,19.75,10.25,68.76,11,0,2.19,NE,1584485486
lazaro cardenas,17.96,-102.2,80.65,67,0,7.76,MX,1584485487
vila franca do campo,37.72,-25.43,59.0,72,20,5.82,PT,1584485487
navirai,-23.07,-54.19,78.53,75,19,4.72,BR,1584485488
goure,13.98,10.27,82.0,8,100,5.99,NE,1584485488
hailar,49.2,119.7,18.72,86,65,14.14,CN,1584485488
bathsheba,13.22,-59.52,78.8,69,40,13.87,BB,1584485489
barabai,-2.58,115.38,78.91,78,16,2.89,ID,1584485489
havre-saint-pierre,50.23,-63.6,24.8,100,90,16.11,CA,1584485490
ambon,-3.7,128.18,82.47,72,47,4.81,ID,1584485490
boyuibe,-20.42,-63.28,80.6,69,90,8.23,BO,1584485490
zelenoborsk,61.47,64.03,19.89,88,0,9.17,RU,1584485491
butembo,0.15,29.28,63.19,87,95,3.85,CD,1584485491
henties bay,-22.12,14.28,62.01,94,0,5.3,NA,1584485491
naryan-mar,67.67,53.09,25.36,93,100,19.37,RU,1584485300
birjand,32.87,59.22,53.6,58,67,13.87,IR,1584485492
sarai,53.75,41.02,31.14,76,0,8.7,RU,1584485492
finschhafen,-6.6,147.87,81.32,82,87,16.46,PG,1584485493
oktyabrskiy,54.48,53.47,31.15,94,87,6.76,RU,1584485493
bumba,2.18,22.47,73.13,93,100,5.59,CD,1584485493
babol,36.55,52.68,50.7,85,100,2.84,IR,1584485274
waynesville,35.49,-82.99,66.2,63,90,1.66,US,1584485494
bilma,18.69,12.92,73.4,9,0,9.51,NE,1584485494
pasighat,28.07,95.33,63.39,55,5,3.42,IN,1584485495
elliot,-31.33,27.85,55.35,90,69,7.07,ZA,1584485495
bilibino,68.05,166.44,18.16,92,100,7.58,RU,1584485495
mucuri,-18.09,-39.55,78.94,84,11,7.31,BR,1584485495
mangrol,21.12,70.12,77.67,55,0,10.83,IN,1584485496
batagay,67.63,134.63,-2.76,95,100,3.94,RU,1584485496
bayan,46.08,127.4,32.65,92,85,2.28,CN,1584485496
coihaique,-45.58,-72.07,62.6,51,0,4.7,CL,1584485497
ravar,31.27,56.81,59.59,38,67,2.04,IR,1584485497
mundra,22.85,69.73,72.03,25,0,8.75,IN,1584485497
san cristobal,7.77,-72.22,86.0,55,40,4.7,VE,1584485497
kalmunai,7.42,81.82,80.67,77,100,3.56,LK,1584485498
katangli,51.71,143.23,26.42,84,49,7.63,RU,1584485498
daru,-9.08,143.21,85.55,67,68,5.93,PG,1584485498
staryy nadym,65.61,72.68,16.84,85,94,16.73,RU,1584485498
astana,51.18,71.45,26.6,92,90,15.66,KZ,1584485334
guerrero negro,27.98,-114.06,67.03,47,0,11.27,MX,1584485499
mandal,25.45,74.57,63.59,35,0,3.04,IN,1584485499
bolobo,-2.17,16.23,77.22,79,86,2.95,CD,1584485499
weligama,5.97,80.42,77.32,76,100,11.56,LK,1584485500
pangnirtung,66.15,-65.71,5.0,77,90,16.11,CA,1584485500
saryagash,41.45,69.17,53.6,71,64,2.24,KZ,1584485500
fairmont,39.49,-80.14,46.4,87,90,5.82,US,1584485501
caravelas,-17.71,-39.25,81.1,82,0,10.65,BR,1584485502
ayan,56.45,138.17,17.55,83,37,2.77,RU,1584485502
kaman,27.65,77.27,64.33,47,12,4.5,IN,1584485502
kaohsiung,22.62,120.31,69.01,82,20,3.36,TW,1584485503
ayagoz,47.97,80.44,36.19,84,100,2.77,KZ,1584485503
hun,29.13,15.95,60.39,55,96,15.01,LY,1584485503
haimen,23.19,116.61,64.4,82,75,2.24,CN,1584485504
rena,61.13,11.36,28.0,82,63,5.01,NO,1584485504
mecca,21.43,39.83,71.64,53,0,3.04,SA,1584485445
sayyan,15.17,44.32,58.01,69,86,3.65,YE,1584485505
pacific grove,36.62,-121.92,55.99,81,75,5.82,US,1584485505
magadan,59.57,150.8,9.91,85,90,3.27,RU,1584485505
kropotkin,45.44,40.58,34.0,58,100,10.47,RU,1584485506
piacabucu,-10.41,-36.43,79.68,85,100,7.45,BR,1584485309
carutapera,-1.2,-46.02,82.02,80,0,12.24,BR,1584485506
akureyri,65.68,-18.09,32.0,96,90,26.4,IS,1584485507
horsham,51.06,-0.33,50.0,93,75,10.29,GB,1584485507
hit,33.64,42.83,67.17,58,100,22.35,IQ,1584485508
camana,-16.62,-72.71,66.83,85,92,4.9,PE,1584485509
fez,34.04,-5.0,50.0,81,75,9.17,MA,1584485240
sitka,57.05,-135.33,42.8,70,1,12.75,US,1584485510
fredonia,42.44,-79.33,42.8,81,40,11.41,US,1584485510
ust-ilimsk,58.0,102.66,2.14,96,63,4.34,RU,1584485510
wamba,8.93,8.6,76.77,16,100,5.46,NG,1584485408
san carlos de bariloche,-41.15,-71.31,69.8,62,40,6.93,AR,1584485303
bam,29.11,58.36,63.9,25,0,1.34,IR,1584485512
tarakan,3.3,117.63,77.34,88,52,4.21,ID,1584485391
zhigansk,66.77,123.37,-28.52,91,0,11.27,RU,1584485297
katav-ivanovsk,54.75,58.2,20.53,96,99,6.33,RU,1584485513
ola,59.58,151.28,9.97,80,93,1.57,RU,1584485513
dunedin,-45.87,170.5,57.99,56,0,10.0,NZ,1584485513
gobabis,-22.45,18.97,68.0,82,64,2.24,NA,1584485514
tamara,14.15,-87.33,86.0,40,40,19.46,HN,1584485514
rexburg,43.83,-111.79,48.2,66,75,5.82,US,1584485514
xinqing,48.23,129.5,26.65,89,100,4.54,CN,1584485515
cuiluan,47.72,128.65,27.48,88,100,6.85,CN,1584485515
concarneau,47.88,-3.92,46.0,93,51,1.32,FR,1584485515
takoradi,4.88,-1.76,80.2,85,100,6.02,GH,1584485516
tecolutla,20.48,-97.02,80.6,78,90,6.93,MX,1584485516
cuorgne,45.39,7.65,53.01,61,0,3.36,IT,1584485516
mount isa,-20.73,139.5,82.4,37,0,5.82,AU,1584485517
jiehu,35.54,118.45,57.0,99,0,4.0,CN,1584485517
teya,60.38,92.63,11.08,85,100,5.19,RU,1584485517
jinka,5.65,36.65,70.54,75,95,3.31,ET,1584485518
pasni,25.26,63.47,67.59,26,0,5.61,PK,1584485518
kitimat,54.05,-128.65,48.2,36,20,11.41,CA,1584485518
tigil,57.8,158.67,14.97,80,100,2.01,RU,1584485519
namie,37.48,141.0,52.0,93,20,3.36,JP,1584485519
chapais,49.78,-74.85,26.6,58,1,8.05,CA,1584485519
muros,42.78,-9.06,63.0,87,0,5.82,ES,1584485520
port pirie,-33.18,138.02,71.6,35,16,3.36,AU,1584485520
khani,41.96,42.96,37.4,93,90,2.24,GE,1584485520
niceville,30.52,-86.48,80.6,73,20,10.29,US,1584485521
skegness,53.14,0.34,54.0,81,75,21.92,GB,1584485521
orocue,4.79,-71.34,88.75,34,77,4.76,CO,1584485521
fort collins,40.59,-105.08,57.0,53,1,1.99,US,1584485404
monte alegre,-2.01,-54.07,77.4,91,67,5.48,BR,1584485303
lumberton,34.62,-79.01,61.0,93,90,3.36,US,1584485522
surt,31.21,16.59,57.15,75,100,7.67,LY,1584485523
kodinsk,58.69,99.18,5.02,95,81,4.83,RU,1584485523
bardiyah,31.76,25.09,56.86,59,0,9.24,LY,1584485523
matay,28.42,30.78,51.91,62,0,12.15,EG,1584485524
chaohu,31.6,117.87,50.0,76,25,6.71,CN,1584485524
clarence town,-32.58,151.78,71.01,88,20,11.41,AU,1584485524
birao,10.28,22.79,77.95,18,10,7.54,CF,1584485524
teguise,29.06,-13.56,60.8,67,20,17.22,ES,1584485525
santa maria,-29.68,-53.81,75.43,66,0,7.27,BR,1584485525
kathu,7.92,98.33,75.2,83,20,2.24,TH,1584485368
taperoa,-7.21,-36.83,77.09,79,27,1.81,BR,1584485526
basco,20.45,121.97,73.92,74,100,15.93,PH,1584485526
soyo,-6.13,12.37,76.84,93,100,2.39,AO,1584485527
deseronto,44.2,-77.05,42.8,60,75,13.87,CA,1584485527
betanzos,43.28,-8.21,55.0,81,0,1.12,ES,1584485528
ekhabi,53.51,142.97,21.65,91,50,7.83,RU,1584485528
bathurst,-33.42,149.58,64.99,47,0,1.95,AU,1584485528
frutal,-20.02,-48.94,73.63,80,50,4.14,BR,1584485530
bosaso,11.28,49.18,78.08,86,100,14.56,SO,1584485530
san blas,21.52,-105.27,84.2,45,40,9.17,MX,1584485530
biryukove,47.96,39.74,30.2,63,0,4.47,UA,1584485531
tiznit,29.58,-9.5,47.1,86,100,12.93,MA,1584485531
ocos,14.51,-92.19,89.6,55,40,11.41,GT,1584485531
kieta,-6.22,155.63,83.98,69,38,2.57,PG,1584485531
tonantins,-2.87,-67.8,76.32,92,95,2.55,BR,1584485532
luderitz,-26.65,15.16,62.6,77,0,8.05,NA,1584485532
peleduy,59.63,112.74,8.83,93,100,8.86,RU,1584485532
kuhdasht,33.53,47.61,50.67,84,82,7.47,IR,1584485532
lubango,-14.92,13.49,61.45,94,100,3.29,AO,1584485533
pitimbu,-7.47,-34.81,82.4,78,20,6.93,BR,1584485533
jiazi,22.88,116.07,68.18,82,78,4.76,CN,1584485533
acapulco,16.86,-99.89,86.0,74,20,11.41,MX,1584485534
katsina,12.99,7.6,76.33,8,53,10.47,NG,1584485534
two hills,53.72,-111.75,18.61,90,100,5.61,CA,1584485534
simao,22.79,100.97,57.2,49,0,1.5,CN,1584485534
shetpe,44.17,52.12,35.82,83,100,15.68,KZ,1584485535
